"","EGFR","Hypoxia","JAK.STAT","MAPK","NFkB","PI3K","TGFb","TNFa","Trail","VEGF","p53"
"TCGA-3N-A9WD",-0.267729083202051,0.500773842471042,0.405479105017445,0.245240156921329,0.509869671611581,-0.748001029235794,0.383777792389895,1.19064561011361,0.37386141102439,-1.03669657551668,-0.587907716613182
"TCGA-D3-A1Q1",-0.876283808432769,0.817715190687085,-2.07537427814504,-0.137761938929831,-1.66159085748258,-0.0332190441172998,-1.44814555702913,-1.89979376608932,-2.1855323158362,-0.595804810554007,-1.34774035563033
"TCGA-D3-A1Q4",-0.161482003282059,1.19227369965058,-0.308567799177808,0.136165123924171,-0.747294166243571,1.06531849191564,2.99462324938734,0.295408875223809,0.0633455102610159,-1.07700860721648,-0.0514915960342211
"TCGA-D3-A1Q5",-0.846837059046836,0.950402069602437,-1.30188660317906,0.2808499904287,-1.01047661954003,1.50060393299669,2.76316601596955,-0.164354074021925,-1.10884564270892,-0.719107485475317,0.225001647996933
"TCGA-D3-A1Q6",2.18700943706142,1.49763325519291,0.67221655317082,3.09393525905021,0.959811285123817,2.91971693490193,-0.060172751175164,1.32272222863813,-0.362186259574172,1.46607000480514,0.25316914190885
"TCGA-D3-A1Q8",0.242760542268152,-0.711540627115177,-0.338152750757179,0.588286176077019,-0.304050451741918,1.52134798700169,1.97637771318302,0.263199942813263,-0.09828054562141,0.471489262185131,0.920984633467298
"TCGA-D3-A1Q9",-0.438786368072789,-0.573889194346459,0.614650671651782,-0.573917649435992,0.37708895048392,0.457755731502865,-0.43300647585457,0.213655253267936,0.0124104180323299,0.75350329642871,-0.0548022571293831
"TCGA-D3-A1QA",-1.12607322367401,1.16818965718401,-1.10869226937522,-0.170662437222378,-0.411303846259144,0.443095244841009,-1.13513449416137,-1.26631160591519,-0.142409592686922,-0.0791889893942559,-2.06176796525145
"TCGA-D3-A1QB",-0.805562917609081,0.100397358904919,1.62334734536733,-1.33242713265684,1.1189854200356,-1.33384504814406,-0.0477784737248471,-0.0209714463364481,1.14155070868996,1.74661630905057,-0.204629168801041
"TCGA-D3-A2J6",0.516449319984334,0.00907711997531054,0.643821393205309,-0.114323422426344,0.138163706964171,0.106505430438535,0.0417077974362634,-0.231492716870446,-0.222790456742494,1.06810543189675,-0.00996003402972713
"TCGA-D3-A2J8",2.68593056354103,-0.531305743064556,1.86706237042645,1.46674272174986,2.16946704386048,2.66179018711746,-0.0495330061743225,1.72708188422674,0.929596104017852,1.51131224878156,-0.153222366757709
"TCGA-D3-A2JC",1.09209336507796,0.377768637297417,0.486376813032552,0.543792852799629,1.04852426831699,0.117571673049035,0.348152260342579,1.20200605140322,-0.0273769540306537,-1.1588228099071,0.191493520600473
"TCGA-D3-A2JE",-0.678872523952349,-0.801396748936201,-2.39524691016022,-0.726213323736098,-1.63970395009037,0.229124228148739,-1.1756524021401,-1.77937261494716,-1.18556978181533,-1.61677777891303,-0.629277722475926
"TCGA-D3-A2JN",0.850907529551594,0.975757148661138,-0.175628587445674,0.497907861101349,1.04688069453999,1.624985461186,1.59682292161064,1.35066757240263,0.645605740889561,1.18103183993908,-0.0648496157330718
"TCGA-D3-A2JO",1.01510343250622,-0.705660094569737,0.386479668007164,1.47522260901199,1.47633704835782,0.957979351514252,-0.196259608095382,1.09303543106124,1.54074751000769,-0.100321325985282,-0.324259950557334
"TCGA-D3-A2JP",0.694980090296543,0.8326073400949,0.524672785146653,0.618879689236854,-0.400068532990135,-0.816297571425252,-0.551118094258245,-0.13792761697507,0.825760725509263,-0.6797286048053,0.397974856276273
"TCGA-D3-A3C1",2.43060031733891,0.414471619278142,-0.0904644538815637,1.26266850166502,-0.205525560008193,-0.781382697386734,0.1522418756695,0.765913216622284,1.0257172888855,0.577884165620425,0.190169618569251
"TCGA-D3-A3C3",1.621579977499,-0.923667379191064,0.584601177273548,1.20982874206265,-0.254920301086117,-0.289050238822242,-1.19063667954257,-0.505122714650286,0.203129904790127,-1.92862033190684,-0.207001480128578
"TCGA-D3-A3CB",0.0337125897330651,-0.485015767152704,1.46513112351511,0.50527506479943,1.17589593617861,0.0443529110491965,0.111067578890237,0.782908122117771,1.97476179655293,1.37320463513263,0.572973605868421
"TCGA-D3-A3CE",-0.175360380803744,-0.58242849245518,-0.0103552724967699,0.869656516378068,0.420754295824072,0.317490431451695,-0.226307048141151,0.23851156838955,0.420540295847567,-0.749408601994461,-0.521417513390608
"TCGA-D3-A3MO",0.397279828881067,1.85071478136136,-1.28191584660743,0.963408652590885,-0.918551650625289,0.631911932015128,-0.834684144683875,-0.367811906039757,-1.2660679468273,-0.846956176687503,-0.628471655064461
"TCGA-D3-A3MR",0.0141003291631297,1.44745831371941,0.821816107986053,-0.450106434187657,1.1091896560048,-0.275683581487286,0.5340827089901,1.21185704854372,1.13392460984268,-0.448737179793946,0.404664685351369
"TCGA-D3-A3MV",1.27764748233685,0.246765765176991,0.0776592412990622,1.96599707733276,-0.635417749894489,0.582421754605103,-0.389677886236921,-0.194398272661183,-1.47670690054929,-1.55247733825335,0.68135711982413
"TCGA-D3-A51E",0.22596373840649,1.75953333868681,0.910305730994879,0.459199579720743,1.01090965869184,-0.110731460287961,-0.772583516609513,0.710364313910584,0.42639753733727,0.103573506916371,-0.381744833472914
"TCGA-D3-A51F",0.302593176944541,-0.256024923386435,1.5390980146612,-0.125947571636105,2.42259631963924,-0.123905844327623,1.14789932707257,2.13425304446148,1.26733899770817,-0.707476288873028,0.208298524932
"TCGA-D3-A51H",-0.742715829419481,-1.30180460480447,0.853052645188073,-0.766456238242323,1.8974649711835,0.0300595566567266,0.253206489520101,1.52345910457316,2.0918566250837,-0.547104337257472,0.0336793502952773
"TCGA-D3-A51K",0.130026315564603,-0.480407203551348,1.0209552777559,-2.4778932588063,-0.997711681302345,-1.61598679425568,-0.996120657144935,-1.10457886100364,1.00754537901976,0.130624860449963,-0.878255219963854
"TCGA-D3-A51N",1.09338258026531,0.888044169677691,1.66772511150708,0.662387948172427,1.37168918050637,-0.437769846882432,-1.08907145046599,1.44251069358732,0.823901810740541,-0.408581193973827,0.708085073181277
"TCGA-D3-A51T",-0.0971761700896412,-0.0877359057168385,-0.041824082971601,0.764138932080832,-0.163490402980529,-0.275673734167108,-0.636726856944923,-0.0213633880616883,-0.237314877645183,-0.79862671381119,-1.32820733962816
"TCGA-D3-A5GN",0.23013035068773,1.3992806814299,0.107297973774629,0.641692831034367,0.211275626072928,1.16103785870353,0.761012634554568,0.679372344403316,-0.19304237904807,-0.402878245195653,-0.591980491009945
"TCGA-D3-A8GB",-0.141634445960428,0.295233803350694,1.33738961569964,-0.560312499491313,1.41006432957772,-0.989925259649028,1.64108432813023,1.95331193034036,1.44542107514762,-0.426862399380285,0.603519513791051
"TCGA-D3-A8GC",0.00546662276784705,-0.968962616088789,-0.583154297152196,0.984030068946316,-0.396386314814436,0.84283108359919,-0.921403539493972,-0.697121505753465,-0.827129373117655,0.593453891471458,-1.1824327957298
"TCGA-D3-A8GD",-0.324804045788696,-0.2840869049814,2.15022941129214,-0.0224467662062346,1.50199716701484,-0.710352517322446,-0.787510461963137,1.01334476349633,1.11012241883821,-0.339403484044768,-0.215252643282095
"TCGA-D3-A8GE",-0.0143293836427175,-0.340820057087666,0.277627404179146,0.703468367558677,-0.285876056058294,1.58600601030503,1.9820055644077,-0.321514274291056,-0.352337492678038,-0.233848238658729,1.90450357546142
"TCGA-D3-A8GK",1.80472520216154,1.41621912970302,-1.61332052980817,1.06412461529207,-1.07017728026064,-0.235456362191345,-1.47612971887768,-1.30564395794609,-0.826200117632714,0.494025254928096,-0.211561053575753
"TCGA-D3-A8GM",-1.29229238894446,0.359690787833852,1.51150136972494,-0.663455984008738,0.857546487298725,0.776163153944076,-0.340515116626352,-0.0556290401579473,0.732638492803438,0.931748556103437,-0.235464039937698
"TCGA-D3-A8GN",0.0819328242099216,-0.423975460871821,0.764902693012883,-0.577430124492551,1.96267098792415,-1.00352842927009,0.0922995429163063,1.9633214785536,0.39314362222537,-0.566142005451736,0.298524100216407
"TCGA-D3-A8GP",-0.540714589947554,0.507976423751701,-0.979801477261053,-0.100526718742266,-1.52633861490068,-0.694556987338912,-1.45536210068246,-1.9545036800287,-1.37633506116994,-1.4112654857413,-0.0753475478473676
"TCGA-D3-A8GR",-0.948067707316829,-0.262277396602474,-0.0282618971506991,-0.790655967777124,-1.33411126297117,-2.27034921091173,-0.652762233805251,-1.04288574425025,-0.505620419482746,0.105267638381903,0.555724321212077
"TCGA-D3-A8GS",0.127846243310754,2.42059940384209,0.52032638949686,-0.0029463421095777,0.482075075887197,-1.08208967422891,-1.9676320906494,-0.0186628406265134,0.692992729079334,0.512820214172261,-0.00619371198961613
"TCGA-D3-A8GV",1.26434177011709,0.285040267030761,-0.721243042147642,0.447842530288549,-1.19880947359208,0.443974790541887,-1.26085530474196,-0.740099836858153,-0.321837108841765,-0.221649383557616,-0.337014674633192
"TCGA-D9-A148",-0.185828311604528,-0.468309231405566,-0.0689560552675436,0.0502919837295691,0.502234992208977,-1.63832204569512,-0.0859068517102361,0.521560896810433,0.590593091474761,0.0403502889087232,0.937166744426055
"TCGA-D9-A149",-0.840620954292924,-0.714240652773032,2.38843216601208,-0.515563824239806,0.415018976563974,-0.36424790897537,-1.00233567082936,-0.373257677357537,0.0621557169564525,0.149957752384627,-0.635434353837878
"TCGA-D9-A1JW",-0.375164010815098,-1.50942260654032,1.05023861647444,-1.43898127536768,0.249343072333893,-0.955695364572066,-0.736191735285587,-0.204267887378069,1.06109335281858,0.562228923834001,-0.37176628432395
"TCGA-D9-A1JX",-0.494776404072625,1.63036006099221,0.358991939275695,-0.0751315633066259,-0.0205474696696646,-0.0198622577855714,-0.844572647203181,-0.3731205282638,-0.117454924520452,-1.01956417128414,-0.339860140568604
"TCGA-D9-A1X3",-1.47375380443054,-0.895959983787965,-1.44200623067707,-0.863102057685216,-0.888947915049788,-0.349255194604276,-0.115399504722342,-0.76460104234135,-1.0442463507988,0.0792560971411944,-0.489805565264037
"TCGA-D9-A3Z4",-0.64346443179991,0.177517191929054,1.18923422124126,-0.0330553878477862,-0.1738396972276,-0.679118747981404,0.171142066889609,-0.13710148381165,-0.277523578954732,0.552670127389723,-0.299327191324386
"TCGA-D9-A4Z2",-0.337782490005984,-0.32193822037737,-0.780674515795518,0.27480194232966,-0.765429067007446,-0.513770683360773,-0.348768048044057,-0.331623733978759,-0.876517634108609,-0.0914077106235719,1.14711931634198
"TCGA-D9-A4Z3",0.0557165497801859,-1.760241179927,-1.64760723393951,1.08200295150369,-1.34800556368615,1.11786782406917,-1.03287949722934,-1.36249647977591,-1.07819181788389,-0.96419939835182,-0.513176529203169
"TCGA-D9-A4Z5",0.187730534930323,1.39413339981618,0.637862520037466,-0.0122649106508279,-0.125619802418387,-0.0828075536143197,0.133532737919801,0.137206738801053,-0.948477775053497,1.12224040835059,0.375146522252454
"TCGA-D9-A4Z6",-0.468079968300993,-1.15662631434488,-0.0982498449344366,-0.244584354287008,-0.5583942941458,-0.320990563409785,-0.292375756134741,-1.0414574148468,-1.52967538456193,0.766844377294676,-0.93867600181444
"TCGA-D9-A6EA",-0.0791550882608452,0.840850849019926,0.524542542119634,-0.160017274938161,-0.883223518566988,0.0370965230499641,-0.91489126172367,-0.734909437091084,0.162754384926756,2.46273896292835,-1.93092782340794
"TCGA-DA-A1HV",-0.289720009122283,0.135238997869214,1.18467954473986,-0.120736827637235,0.833144164798168,-0.468296946931838,-0.903072098576006,0.804447907812696,0.927066711869778,0.138784173319623,-0.535562701894088
"TCGA-DA-A1HW",0.21522863473512,-1.06870647869389,0.314628572218287,0.717079969674805,0.808952102528754,0.276452995038575,-0.58789434746559,0.159061760056906,0.7358560958054,-0.864765165567311,-1.07221037692621
"TCGA-DA-A1HY",1.56884665955863,1.16480711191098,0.662385994971511,2.28566343881712,0.174921432987094,1.89477767884931,0.637076498903081,1.03158219582628,-0.666402906682642,0.258995054413252,0.620266603095445
"TCGA-DA-A1I0",1.55735022809423,0.380205693624809,-1.24921203380833,-1.41563404864342,-0.308056527026093,-0.359032880337785,0.514545104425442,0.250190714834895,1.50489128259681,1.65980289850081,-0.304975941788589
"TCGA-DA-A1I2",-0.968443273174408,0.266086955427101,2.09413265150082,-0.405216135310704,-0.161262774444507,0.266723032388983,-0.240294365960088,-0.306245670807917,-0.360094058156725,-0.387493365348125,0.228398728699958
"TCGA-DA-A1I4",-0.0398592616862951,-0.44289201209243,0.00605519059170178,-0.101585196164069,-0.226505810630241,-0.169177275493184,1.0845537376796,0.886360836930032,0.521873707495968,0.0648234821914694,-0.00881956088624155
"TCGA-DA-A1I5",0.661598465845024,-0.303487470550092,0.232151976607811,0.338701473763406,1.54261797803069,-0.0609994117385825,0.692042754367551,1.77166687306921,1.73411927849136,0.276175717795952,-0.617183138851818
"TCGA-DA-A1I8",1.6590387899029,2.15732408482121,0.0482388396712347,1.81194101709991,-0.076976708401462,0.282054782399088,-0.62798254218419,0.857349949605466,-0.445218163694806,0.263653835941839,0.970161411311338
"TCGA-DA-A1IA",1.26630981035398,-0.596694637532094,-0.726949471358087,-0.960402334178991,-1.50352160970724,-1.95461238030346,-0.708936212293887,-1.13298428569306,1.01996765173816,0.572490544790286,0.178558947630384
"TCGA-DA-A1IB",0.114465921228225,-0.69604477600757,0.771316818558012,0.201779856422159,2.11950992992059,-0.097223903743625,0.257559054703355,2.01050914038782,2.04830360639776,-1.96500829106296,1.27563187217819
"TCGA-DA-A1IC",-1.00654839771908,-1.06105810603239,-0.108482577721917,-0.190115119536698,-1.01702183815191,0.143506337487458,0.158713753637532,-0.553467377577104,0.61820376512822,-0.291238040307215,-0.0272691992851709
"TCGA-DA-A3F2",-0.411552828319483,-0.13173035369158,0.480331623176958,-3.1156734759337,0.885973120414638,-0.552609544606792,2.09834747683557,1.12918891421819,2.94576223251776,0.0485473036383601,-0.130777877697471
"TCGA-DA-A3F3",-1.72485706043604,-1.08991792747629,-0.407740994379978,0.225744885673232,-0.666073399939505,-0.580431650114333,-1.11734247548311,-0.334685690030029,-1.01906657179816,-1.71047773293323,-0.198412438702641
"TCGA-DA-A3F5",2.32849744990411,-0.611656534185128,-1.16679224658663,2.90828505939815,1.06818704784142,2.49018687968655,0.840005779631289,1.42761188304917,-1.03233137946667,-0.601460099223603,-0.139960346173868
"TCGA-DA-A3F8",0.0278073312180833,-0.0574220773964149,1.6131363966399,0.127693104508226,1.61349239412242,-0.403656867130515,-0.189458308009674,0.67692422703266,1.74990249300929,0.748133736876698,0.307235263269733
"TCGA-EB-A1NK",0.463069931698156,-0.243381860722065,-0.658271050398716,-0.89324046824645,-0.114535456588607,-0.842522924960543,0.861683634828046,0.0168098674950651,0.406487023178761,2.12903674136864,2.42614516746239
"TCGA-EB-A24C",-1.06874238917699,-1.2605053008316,0.322523865966557,-0.179546770159316,-1.1412506061807,-0.0765549641079653,0.337634725275914,-0.887537234863785,-1.206415873054,-0.367853207731784,1.38585017092263
"TCGA-EB-A24D",-1.85591247658505,-1.05588037019763,-1.18231963769644,-0.25654740569043,-1.09295192802494,-0.409429456080488,-0.229030918510709,-0.928384113649712,-1.25451066300918,-0.216801421429952,0.133577631570741
"TCGA-EB-A299",1.01952230540536,1.99359008836648,0.23525917707085,0.363324058488351,0.475823467993113,-0.0527300494443675,0.902208774279267,1.09323410242421,-0.429068583238777,0.914440910193052,2.89213951002748
"TCGA-EB-A3HV",1.85915751181339,0.470289106057673,-0.331755906728056,-0.251990752723277,-0.981018428461751,-0.623067408976639,1.16564813140148,0.124510121817963,-0.166029813124882,0.731747023295077,2.28117930243827
"TCGA-EB-A3XB",-0.514085341985992,-0.123075632073293,-0.585640459852864,0.210467761027167,0.219268666890026,-0.201924106217265,-0.707551956831158,0.291509022974057,0.133476745788163,-0.100866593609164,0.368251389864378
"TCGA-EB-A3XC",0.543800641700241,0.0465293052271476,0.0252376425916862,0.599492869763941,-0.0010317579344842,0.157339537821446,0.454195439668279,-0.348269159671003,0.789433052642165,0.233764840245341,0.712909416988352
"TCGA-EB-A3XD",-0.0345883577560413,0.777521620244055,-0.0126162516120285,-1.54796366659024,0.125022295162679,-0.621364147575455,1.91324340454139,0.680302087230033,0.874286613195549,0.959548311465151,2.48868126100558
"TCGA-EB-A3XE",0.424565968945136,-0.5431935767623,-0.27603488679421,-1.18462033941061,-0.60274764305794,-1.8236980243603,1.07817560374367,0.384551315848804,0.0598312228773311,1.02337019996913,2.63058285250179
"TCGA-EB-A3XF",0.206557076574774,-0.788926484309305,1.34234276485611,-0.13940464047432,0.807476540137628,-0.355592370890972,-0.819019360826231,0.867509897593122,-0.718218344978881,-0.268787501071728,1.55009658389445
"TCGA-EB-A3Y6",-0.487949119200455,-1.21459114298019,-0.157295708517605,-0.292638562141613,-0.605418597527373,-1.16211563651351,0.464474600478598,-0.29675398256689,-0.357721513102599,-1.26150992352726,0.369649223278719
"TCGA-EB-A3Y7",1.00041412923414,-1.5072905908971,-0.914954572319451,-2.63631565647781,-0.335935329260164,-2.3093027372468,0.181895773229619,-0.0512796288746835,0.478081165581344,2.27782646822867,-0.272541474227462
"TCGA-EB-A41A",-1.0278655589198,-1.01796127643813,-1.10232174757417,-0.977605780591603,-1.08439321809549,-1.09164088783808,-0.730051905862745,-0.973735185426107,-0.852432592942129,1.53853218231498,-0.352402353671636
"TCGA-EB-A41B",0.136472116933825,-1.28058624805581,-1.0327337147744,-0.0175261977343056,-1.08129713986434,-1.4176275152466,-1.21809363080489,-1.26601898833644,0.396113404599983,0.520360373220613,0.784524245512044
"TCGA-EB-A42Y",-1.13926721092091,0.501605056433876,1.28153259775679,-0.926996572899864,-0.843945942133049,0.86264900188511,0.380513532095266,-0.748455106617541,-0.632231216824651,2.32446334167173,-0.155810831811023
"TCGA-EB-A42Z",0.516219152630546,-0.638871230857005,-0.420263654426664,0.487341140122697,-1.09176151630256,-0.498426171099149,0.0401748560973429,-0.374593611793499,0.306931142398797,0.912854887535247,-0.0351788630662189
"TCGA-EB-A430",-0.698068910764487,-0.172916810789109,-0.226229543698326,-0.76684529949248,-0.0312647961295483,-1.12954132166923,-0.877713402550139,0.0656350629690779,0.100068732077331,0.13956879417936,-0.0609724106315472
"TCGA-EB-A431",-0.431244539109416,0.0375071478832727,0.50775716788827,0.735331108281303,0.226914885604464,-0.765253099840257,-0.930903082651398,-0.49355946836582,-0.551250765184075,0.868344285967623,-1.65377086498638
"TCGA-EB-A44N",0.313000828264516,1.46941331238921,0.381340637753071,0.202478868286223,1.00438346954691,0.000112033302154831,0.947331471145894,1.63135119926792,0.482517072919761,0.757437989913184,2.6266773856584
"TCGA-EB-A44O",0.126095484460982,-1.05334123537242,-0.704466826477113,0.827752617580955,-0.510977171739796,0.470011917550691,-0.687624129561624,-0.812234794754214,-0.722956209666193,-0.429974576488439,0.154446688431876
"TCGA-EB-A44P",-0.371255253136655,1.18730120651106,0.306103087672932,0.160369915673298,0.0397020742914543,-0.219705659556776,-0.325998449243128,0.435977123916639,-1.18909114623403,0.635909194920359,0.203695675094092
"TCGA-EB-A44R",-0.861705413038719,-1.27043566441104,-0.284199325353948,-0.72887791457436,-0.976856284661756,-0.167964380382312,0.249896918576546,-1.23830766991816,-0.458426460128637,1.43728003295349,-0.196105154419685
"TCGA-EB-A4IQ",1.73468086458371,0.845986943241712,-0.987687241489507,0.484348929137123,0.109949808895891,0.602992170796353,0.45908135306716,0.82059976879944,-1.1777428285787,1.13788847621413,2.26734758679161
"TCGA-EB-A4IS",-0.599647588178814,-0.913927116947811,1.70056892619468,-0.484769403497076,0.541204760047909,-0.36059939566116,0.350768336671188,0.149867265950886,1.02712374888756,-0.534910324022091,-0.0652082505766617
"TCGA-EB-A4OY",0.076742225388356,-1.03330085207853,-0.901109622205797,-2.60919754233053,-1.34132670303735,-2.11814191790899,-0.149188391010256,-0.985940767643721,0.334915728871042,0.693046009355351,-0.213104313857681
"TCGA-EB-A4OZ",1.82395493875834,0.884189274417758,1.45713552533997,-1.08169454038664,0.833413688126163,-0.346710001894373,1.38047048847984,1.3819914166071,0.921880851281246,1.12485481142654,2.80575893981863
"TCGA-EB-A4XL",-0.242584395594691,1.31697236126349,0.492433790827687,0.261594627443056,0.207258814876968,-0.807723629862502,0.180938957875001,0.553345837807088,-0.332429719458806,-0.435011403068032,2.44246815454971
"TCGA-EB-A550",0.398381836320586,1.46203610556783,0.818958555975391,-0.269854829912508,0.80410840432238,-0.017781401869007,1.03658037262664,1.60974340531491,-0.885549474725593,0.570417836632835,3.61160343470219
"TCGA-EB-A551",-0.918061815835182,-0.88330300003738,1.50954617376042,0.0322148621206456,1.36712485318757,-0.0894921201550029,0.136549281486919,0.665945111737535,0.147511570445066,-1.27616621421241,0.615249601660596
"TCGA-EB-A553",-0.0631106959257019,-0.570483032955892,-0.429602238609785,-0.767485142167943,-0.326487889666745,-0.650829749880277,0.749847007850086,-0.53192247787778,0.0518096710607068,1.57398905243202,0.212368313169252
"TCGA-EB-A57M",0.0805463520373671,-0.468330484306962,-0.223753514457752,-1.92606060554621,0.0539771874023974,-0.236444383078352,2.39499191556039,0.745405918787956,0.539698191941568,0.92454732910331,0.939719687405899
"TCGA-EB-A5FP",-0.0727286460767129,0.707768362756278,-0.866902785457864,1.30433729570996,-0.947599716449753,-0.134492318271898,-1.09215425652768,-1.09666307764483,-1.01871489738069,0.0800783272941087,-0.785841532925258
"TCGA-EB-A5KH",-0.578782693930461,-0.641708923238303,-1.88611901534633,-2.09688645446469,-1.91069168265806,-1.14549385362101,0.297439954805963,-1.66463034966262,-0.444470837163042,0.366887341879666,-0.896177904489534
"TCGA-EB-A5SE",-0.191531522139609,-1.90450831042293,-1.03814450025388,0.255655478005486,-1.20020895799197,-0.132421709732979,-0.44966517814865,-0.808278848765075,-0.601420930374118,-0.782844320315886,0.6803566801095
"TCGA-EB-A5SF",1.68206852872728,1.13256188529523,-1.26293364059462,-2.17306910549301,-0.854070031115559,-1.42103556801128,2.2840655707537,0.0874485170492081,-0.346107008792467,1.82723043330727,2.33209775108169
"TCGA-EB-A5SG",-0.387865519451381,-0.607433708760763,0.794431452195664,-0.176618511993646,1.84891627066305,-0.432400030881599,0.778087545081478,1.38542919383251,1.34921092904163,-1.16889436041425,-0.497631792170694
"TCGA-EB-A5SH",-0.69105783566911,-1.09625392379222,-1.87910238795597,-2.3118996082689,-1.30070946622534,-0.808457965474023,0.0248241870025582,-1.630687099744,0.843474680384736,0.632212425609181,-1.39746514086356
"TCGA-EB-A5UL",-0.277750625820171,0.677099681395909,0.399626774445735,0.102237471703125,0.527350049197836,0.199592169962614,-0.503950727196678,-0.239745638654723,0.563997258999397,-2.07035230794128,-1.3359937956298
"TCGA-EB-A5UM",0.377616493563399,-1.88756383537753,-0.154310593600908,0.0495690365113047,-0.30077660149328,-1.51222679238415,-0.0517711776787562,-0.339517838894303,-0.332078342601102,-0.394797909214003,0.331345694078036
"TCGA-EB-A5UN",-0.0402016418177308,0.297926217686724,-0.230267566778906,0.829211150244519,1.47493280211596,0.423916509390537,-0.610166989121526,2.07477838654794,-0.27265554054908,-0.0988560658693999,0.629163634488536
"TCGA-EB-A5VU",0.00576961909954617,0.147116360341785,-0.767705137127193,0.329140466712677,-0.845018106343533,0.876278644799497,-0.0450060512691752,-0.795791652642377,-0.937904984044564,-0.23301245471967,1.93228934586221
"TCGA-EB-A6L9",0.217261164212188,-0.716307289514947,1.40296225804561,-1.8750310534318,0.816655681497836,-0.532714302143272,0.626549444103564,0.569862752396521,2.18922655300375,0.543171278830361,-0.985515511372082
"TCGA-EB-A6QY",-0.35583478293264,0.890239477605451,-0.873201718056391,0.607361470587893,-0.1841064766658,0.356008772329255,-0.737176616663613,-0.215027019958813,-0.444702213092792,0.614580857547366,2.3100077407625
"TCGA-EB-A6QZ",0.0540535910919451,-0.397125651419654,-0.56025176593437,-0.530425278757634,-1.09051632088286,-0.68625256942956,-0.66610972193638,-0.239903723976035,-1.05884435326821,-0.619990782524604,0.241869155167506
"TCGA-EB-A6R0",-0.488987222796643,-0.877976711136893,2.73437628191614,-0.37431734561952,1.04837993244949,0.34109442340208,-1.51662015674296,-0.410535600555188,-0.592737936653201,0.971593451927382,0.371250098803995
"TCGA-EB-A82B",0.299835725327369,-0.0065840783107887,0.315436359633227,-0.601753188264802,1.42396658622348,-0.531717671331474,0.31684025708252,1.53524993867237,0.390705433304242,0.598711598842327,-0.304856495081281
"TCGA-EB-A82C",-0.26815243617729,-0.536309407292314,-0.588031087300663,-0.54282464557357,-0.609761467569251,-0.0586968809527611,-0.393207734018776,-0.606729633880117,-1.40943459293453,0.17850518740164,0.423211479640715
"TCGA-EB-A85I",0.801503539510668,1.4072048118032,1.2618879663119,-0.186685518579374,0.689920444284736,-0.594618162429264,-0.171935126489915,1.33749350690689,0.601850083005043,0.708675144324334,-0.0206448767989985
"TCGA-EB-A85J",-0.00764184823867582,0.470392329853968,-0.341580733311492,-0.770507433699758,1.06335578361706,-0.899991301421944,-0.897040512975754,0.594955867218933,0.710517417741759,0.719480114914959,-0.518318953955302
"TCGA-EB-A97M",0.345490810014334,1.46054829080719,-0.200861910857458,-1.26604981038823,-0.525163100987639,-0.392500614790696,-0.52257322082017,-0.836151860289502,-0.130498114534938,0.157546655779357,-0.718453152984849
"TCGA-EE-A17X",0.759533065384621,0.947476491631689,-1.03343815806625,0.0239249289570598,-0.683511794376829,-0.627488652801594,-1.45650010433495,-1.11369710439836,0.285547606312354,1.81603411556564,-0.810657657986169
"TCGA-EE-A180",-0.0870681244625685,-1.00469475578362,1.49197222796688,0.768890685754408,-0.83050344259117,0.463157231071526,-0.803462150150543,-1.51515143956663,-1.51302110425673,-1.77652210349089,-0.655702084168444
"TCGA-EE-A181",-1.34658466481179,0.0589841748619115,0.799889698176441,-0.689961560367214,0.72987173370719,0.165058357164604,-0.875007622585747,0.107775098853674,0.473362391422684,0.0317986029979609,-1.07952326035303
"TCGA-EE-A182",1.38858344575031,0.151545727776162,-0.876905412226272,-1.61803600783715,-0.720142125297699,-1.99270253678681,1.1149700488232,0.321117935178465,1.51866161293864,1.29158290555875,0.688459719187101
"TCGA-EE-A184",0.192907257024905,-0.517054254974539,-0.6459835399712,0.0578882638226559,-0.0998293736542545,-0.848724960976603,-0.73980641793316,-0.477153973564105,0.197878553405529,-1.21449711275136,-0.284378580588607
"TCGA-EE-A185",0.919692490207381,1.88207255557368,-1.54494417368641,0.79696513061659,-1.17252308802868,-0.672324634016263,-1.27712663300248,-0.823449482109719,-0.657335711933783,0.234791181096203,-0.234739577184434
"TCGA-EE-A20C",0.070864533134928,1.71386088162663,0.429927301962615,0.798939550700054,-1.95248610026617,0.0632486353031066,-2.18642595598714,-1.31752453359873,-1.02597440003781,1.21255091254483,0.198259878062976
"TCGA-EE-A20F",-0.529408884121275,0.844208749455336,0.532194638949497,-0.169785279140287,0.38077857997706,0.265813090273353,-0.533921067137462,0.327719250017774,0.247754751283479,-0.429302459122182,-0.0563353177198775
"TCGA-EE-A29B",-0.360556069015409,-1.60082145669144,-0.476122351433417,-0.259455598346824,-1.5593002977525,-0.774440091020775,-1.34027830338703,-1.46945204245044,-0.502857047686651,0.818924930821288,-0.850335071602602
"TCGA-EE-A29C",0.683372981835099,-0.575580808173019,-0.388091940563081,0.077377674465835,-0.570148037872907,0.7327074740223,1.80216874382669,-0.0911032466313422,0.469536185399441,1.07292696184259,-0.433717165669333
"TCGA-EE-A29E",-0.429768567143276,0.72211709225782,-1.21138780821203,-0.0355555021637678,-0.400765109962025,0.343799661879641,-1.08284920154554,-0.367932022406952,-1.0418046268693,1.43505818237255,-2.06322626260145
"TCGA-EE-A29G",-0.62101257717336,0.551757718295323,-0.248717954941887,-0.451921970729202,0.428373380249032,-0.064492543577989,1.51419466980146,0.558286378096236,-0.45644983597982,-0.74906159102252,2.50637797094652
"TCGA-EE-A29H",0.988830524596476,-0.472894876034615,-0.262390122631636,1.15632397998705,-0.327388333597828,0.220861801849527,-0.13414079277451,-0.516858384600358,0.568604740075003,-1.44816552132244,0.321034736057575
"TCGA-EE-A29L",-0.92400897841385,-1.13480398133664,-1.56473232134773,0.0610122490271674,-1.72523373551815,0.697205795150907,-1.57557889522316,-2.47750541049835,-0.999275685196609,-1.3524367891037,-2.5329643305694
"TCGA-EE-A29M",-1.37380702783644,-0.406552780248221,0.947082971053251,-0.0685409851651006,0.166917524317797,-0.75507727951724,-1.36234316045476,-0.419519586448744,0.65501899279567,-0.417152454980016,-1.57058534758702
"TCGA-EE-A29N",0.574339602099741,-0.267836772189121,0.236145280148139,1.34234172655769,1.07451000814716,0.675805648232299,-0.428048942883279,1.01199858157726,1.24351938598252,-0.0132732990243285,0.310005343905551
"TCGA-EE-A29P",-1.45582668576696,-0.335325229157933,1.390485394968,-0.577964711979614,0.912941096472667,0.164104065141226,-0.0888367873732344,0.310166358215051,0.792737565664473,-0.670028074002566,-0.294634201424346
"TCGA-EE-A29R",1.58329147479992,0.588913273815331,-1.06621926445227,1.58988476131352,-0.131692343504816,-0.00649252986964075,0.945143130749741,0.730802689198563,-1.01739642176467,-1.03417575840191,-0.719262676630444
"TCGA-EE-A29S",0.618349336610976,-0.774340734674945,-0.657009982947819,0.321404106405869,-0.727161805146393,0.2100738627649,0.523501191885813,-0.315799258427782,-0.360442715466314,-0.339489738099329,-0.0760178333041237
"TCGA-EE-A29V",1.13990858099649,0.218296728110475,-0.714176472131971,-0.596236551798755,-0.545800508171791,-0.843522195649942,0.181455585868587,-0.533352153483973,0.0635540934284533,1.51049712218842,-0.778583324079317
"TCGA-EE-A29W",-0.402318826017442,-1.50424855703496,-1.39607878348558,1.42524184289538,-1.59419576844792,2.25114958177744,1.56359207573547,-0.987111042959937,-1.18766669763654,1.1720170453893,-0.452750475784148
"TCGA-EE-A2A0",-1.11268470378531,-0.946581587324286,-0.125816827254643,-0.161012146401677,0.27190238283471,0.834099428652748,0.909925180682803,0.247469129602033,0.310221882987439,-1.61624079344536,0.447829450597806
"TCGA-EE-A2A2",0.171434546053715,-0.293870709197778,-0.286510411457899,1.08773568065521,0.0354056466307246,0.0735841212924451,-1.40396268288069,-0.104674998751427,0.620798995921929,0.238668943470339,-1.55534550255461
"TCGA-EE-A2A6",0.35010290166366,1.50353709629962,0.214594932427938,0.871416555162284,0.890069235825081,0.544412480580819,-1.09733044618076,0.402079033178467,1.36202921981268,-0.393763672902715,0.309899681376446
"TCGA-EE-A2GH",-0.0842508133764636,-0.265249483055361,0.243098653904443,-0.151065863718958,1.19193146510635,-0.42633394344731,1.60464590750144,1.29873100976834,1.05249226640106,-0.792607764847979,0.0267328667625087
"TCGA-EE-A2GI",-0.448652982018994,0.260325422315575,1.27188540444703,-0.189249850656098,0.279682772695241,0.18521717238367,-0.310293945945027,0.253762745703358,0.761967824215035,-0.655943859111941,-0.245598337733058
"TCGA-EE-A2GP",-0.0417127127219408,-0.648344084890028,-0.122525065966469,1.11618557449079,-0.219903657646533,0.844213412558361,1.0609128162145,0.496042395608679,-0.33329361367322,0.0681604523556501,-1.24535220807658
"TCGA-EE-A2GR",-0.673104374785741,1.01961920102741,-1.45628465567664,0.0719559261506746,-1.86895437418103,-0.303522143817515,-0.860837582408275,-2.33873654396952,-1.95578561600012,-0.971814720152168,-0.843006485597419
"TCGA-EE-A2GS",-0.592096193582964,-1.7472027944301,1.58384863651439,0.233831986524038,-0.685131268820666,0.0435396552902211,-0.204548671073525,-0.596850645818347,-0.772388990184208,-0.442938857666216,-0.468353605509486
"TCGA-EE-A2GT",0.443693939528017,-0.145936273439868,-0.444145588252478,-0.522609143706406,-0.361317108021233,-0.00781130396076587,-0.395204281112588,-0.386626257104064,2.21388378321429,0.284038008252089,-1.30294115926402
"TCGA-EE-A2GU",-1.67899514103308,-1.02605264219487,0.622043464219734,-0.457423877883706,0.0448290532856723,0.26737687963496,-1.85244738370674,-0.725063964955649,0.0141442399291609,0.819248268304143,-1.66771338929622
"TCGA-EE-A2M5",3.81101124031209,0.897383526369023,-0.0244087749744557,2.53136316596773,0.984036686743896,4.30014095148851,0.595093552244963,0.727072879698762,-0.519952588997163,2.43514189404148,0.218915651109749
"TCGA-EE-A2M6",1.1573499365213,0.0387107202315481,-1.52749129770324,2.00888388934051,-0.10060511065466,1.69278284228575,-0.88207364237275,-0.0199075014967818,0.193982150815918,0.707024810303536,-2.0756347206916
"TCGA-EE-A2M8",-1.08835760346878,-0.779203785050554,1.28573735641329,-0.573904118863501,1.35063503766307,-0.339628539717873,0.687820154408039,0.668123444620597,1.44394924272304,-0.650230868270086,-0.00304052291603587
"TCGA-EE-A2MC",2.13641258397476,2.57573333959401,1.08798952530299,1.12661586744787,1.8508511130609,2.10104877087336,0.893334695331093,1.9949748562279,0.906797342303815,1.56446658318585,0.248146327723807
"TCGA-EE-A2MD",-0.595262607389902,-1.14334602532405,-0.777449488331922,0.73572547890407,-0.0385139349509494,-0.439614599357491,-0.464827885313212,-0.557736675574516,0.650720419602083,-1.42836538711005,-0.598001916265389
"TCGA-EE-A2MI",-0.190776352978493,2.19803139813288,0.306750321025468,0.106235376754269,0.261510949677757,1.51909434841287,0.645546744509145,0.0519708246267024,-0.0457616549442688,0.479987912393805,0.320715100775861
"TCGA-EE-A2MJ",-1.03579722314033,-1.38558063095598,1.16842219886191,-0.474838507696872,1.11624441271824,0.0414842924343595,0.0375386725090821,0.522346341209471,0.846747506762832,-0.444080727380683,-0.215092717643379
"TCGA-EE-A2MK",-0.499851936618814,-0.895413869402585,0.81719190735363,0.331344756514836,0.554224076333079,-0.517970509370425,-0.31492500658156,0.649387961507317,0.400410431864468,-0.116378610502732,-0.598558650188237
"TCGA-EE-A2MM",-0.180254581559281,-1.63855616918454,1.28817731687764,1.60306280273474,-0.463739919270619,1.05787788153735,-0.960738912683351,-0.466497387873876,-0.345393449298767,1.10022513836588,-1.61108854580995
"TCGA-EE-A2MN",-1.13299935514225,-0.876265770383638,0.321617411774928,-0.203133320975711,-0.0486235203601781,-0.441938882594447,-0.154440977400279,-0.568785160582051,0.130503450005169,-0.750047744278482,-1.0843710561084
"TCGA-EE-A2MP",-0.347327035065805,0.13059046801453,0.51400194322553,-0.562230763834468,-0.0406235542163951,-0.638237235253912,-0.61732351012514,0.0544366572895624,-0.258099520656406,-0.283042138958578,0.274630796546837
"TCGA-EE-A2MR",0.337093136695211,-1.46856393511647,0.363013991475433,0.320001538886328,1.0883873645326,2.67416745400923,2.2588693937018,1.0918720496162,1.31236954746393,-0.974477619782006,-1.12171804137609
"TCGA-EE-A2MT",1.25661796939171,2.52166486859783,-0.332918792186091,1.38593361630184,-0.173391857199611,0.0226800784616792,-0.64724468642663,0.126974040923176,0.136064794987736,0.348087417651548,-0.0156103677922807
"TCGA-EE-A2MU",-0.00649952348353977,-0.986590451187832,1.40239733428588,-0.215349519983142,0.990891368617815,-0.623437768906355,0.370395189636018,0.356918756818801,1.48221044095925,-0.270422464409384,-1.12821430062925
"TCGA-EE-A3AA",0.124299336908984,-0.0382361191347491,1.13355846082113,1.09841156100639,0.0598350030005448,1.23424802840404,-0.451375073841855,0.17274519162357,0.695640793112261,-1.53740951157135,-1.40006099305919
"TCGA-EE-A3AB",1.58987765491879,1.60885509524844,-0.725146264545232,2.14798134637421,1.64453755779848,1.46711691435921,-0.275240228462012,1.81646135643799,0.0938480258831782,1.99359418980027,0.467263928133514
"TCGA-EE-A3AC",0.0227094591308507,0.636626418829725,0.756017679177979,0.747100212780969,-0.0353075264984746,0.0631947948718973,-1.73747714599303,-0.423064131978451,-0.0572817168029097,-0.0575495349820675,-0.897002953640292
"TCGA-EE-A3AD",-0.509287118157186,0.795456263733341,-0.381992760486065,0.216568391853694,-0.699936539264083,-1.3426087355617,-1.31578670470523,-0.8769093702372,-1.00061486997358,-0.304436511564313,-0.0208670631407999
"TCGA-EE-A3AE",-1.30485191384239,-0.5394280531392,1.09416686652664,-0.446760061455662,0.601397253679459,-0.111749028671763,-1.14625297625032,-0.129458622549033,0.270586344324521,0.722892061159115,-1.27221132873497
"TCGA-EE-A3AF",-0.112634194629106,-1.22086081762328,-0.586229762362134,-0.110479713943434,-0.230049327619486,-0.29204438264347,-0.366738711802659,-0.283179947638859,0.287945700475523,-0.269445917222918,-0.187508179970329
"TCGA-EE-A3AG",1.56360820346557,2.03131117191407,-1.92915292612605,2.20213907861695,-0.847906033690087,1.56415933599937,0.0806516280146721,-0.269749109525271,-1.36154133630549,0.382370322740757,-1.42919183682176
"TCGA-EE-A3J3",-0.088101734543076,-0.211430525983226,1.44470601853136,0.377447137612823,-0.301836490727776,-0.047643440544721,0.939541434581987,-0.0300323397098703,-0.301960764095854,-0.350119980194404,-0.151478968883056
"TCGA-EE-A3J7",-0.839873844853453,0.217681698637754,-0.261130526927081,0.433322326060864,-1.36173314231027,0.4823555103828,-0.694495303694136,-1.62457214718679,-0.808939384114722,-0.943917950154907,-1.7187969256379
"TCGA-EE-A3JA",-2.79953092457027,-0.994943568518443,-0.280461251493618,-0.451966350726056,-0.380532037868051,-0.717637072531367,-0.890461652065124,-0.728082317395706,-0.0927028000268702,-0.387511571212963,-0.0562091697161633
"TCGA-EE-A3JD",0.0809167566420732,0.371146844560875,1.03961152589887,0.983488630324488,1.52657846365296,2.40941325440484,-0.106223233503003,1.05438088343996,1.73602338383703,-0.494496867568851,-1.03125145591183
"TCGA-EE-A3JE",-0.56597424830782,-0.36779140959917,1.3254057076102,-0.282280768806545,1.7972355894709,0.379057242119076,1.0540589338924,1.2316912712012,1.230931731897,-0.244907681236678,0.527598757246736
"TCGA-EE-A3JH",0.241386573915681,0.10969844792198,1.35451972514114,0.106891677583649,1.5336454155342,-0.158522319707668,0.522303991310813,1.38624485761712,2.22188349300166,0.141863747559722,0.217407490241126
"TCGA-ER-A193",-0.640351556165105,-0.229633651250507,0.546392245162311,0.40739844122774,0.87630924794349,0.399581315354144,1.29618560989173,0.669566760759385,0.243289471095002,-0.784525806812317,-0.60602789129654
"TCGA-ER-A194",0.276952528957625,-2.03134927952218,0.0357903476230628,-2.62296783924762,-0.922152869099848,-2.33762954297276,0.638858228261074,-0.552408506800904,0.269197312672589,0.682108495779635,-0.193726360972497
"TCGA-ER-A195",0.735474168956021,-0.360667396443599,0.701420205347727,0.698441165325886,0.48550856178095,2.26253357370647,1.44646805706613,0.693063859993563,-0.141458468790071,2.08683321356026,0.430629087187542
"TCGA-ER-A196",1.48033643197888,2.49691682725949,-1.03787352608253,0.550871395755386,1.69200748160492,0.255822973530272,1.27211603926704,2.35417812705371,-0.257660610328663,1.18599187200655,2.39352417699539
"TCGA-ER-A197",-0.341687393247569,0.349607892436829,0.301293925416573,-0.674495237186884,2.05462304257249,-0.0949393777128534,0.411400320179058,1.41715582067747,0.276747286571186,0.145411601858839,0.196224676904201
"TCGA-ER-A198",0.329832866853018,-0.67597262305369,0.915798463564819,1.13647482347302,-0.0634168360293915,0.038835679364314,-1.36743986829216,-0.790738802665317,-0.0519129757818294,0.509542041346434,1.05055037168593
"TCGA-ER-A19A",0.0871617116392751,0.216967710451216,1.7003997081863,0.0415518676347351,2.25456039717732,1.4709043751797,1.89491993423072,1.94547269149707,1.25361582612304,-0.221300067050573,1.42649505978093
"TCGA-ER-A19B",0.389238387550345,2.08716760933027,-0.699246421976358,1.11424947151574,-0.910802411554542,0.380351778018635,-0.346111958351968,0.46469319471334,-0.473923466825194,-1.15459745509339,0.539265703936841
"TCGA-ER-A19C",0.210105806440943,1.35072998925702,-0.899078980330394,0.754110555849307,-0.530043874464337,-0.663330946398939,0.935988581598308,-0.277252888592527,-1.42260459136702,-1.76719708060632,-0.378867702225818
"TCGA-ER-A19D",-0.609706620713166,-0.486078935842341,-0.468940412384869,0.753986477708109,-0.187834333034926,1.65256394180559,2.36040431698509,-0.351066594737294,-0.0955438261066055,-0.660602036518628,-0.334859447477754
"TCGA-ER-A19E",0.0352692943811177,-0.493492311797336,-1.53218337355947,0.69385681815132,-0.775724449871232,2.40969991884983,0.774042621213434,-0.617108923755084,-0.329357127708234,0.237201184728395,-1.00963116424243
"TCGA-ER-A19F",0.275340683306172,-0.484387401761778,-0.39138780393093,0.0713325792436356,-0.637978595719203,-0.12602884928303,-1.22953374436688,-0.777454503483118,-0.945193535001372,-0.115239455029945,0.0412275139652627
"TCGA-ER-A19G",-0.436606743175023,1.26590471621299,1.62347575482407,0.428728479034191,1.07312465174989,0.608590912351558,-0.481969843603985,0.536445847139506,0.331810425722566,-0.531241928664325,-0.271205468746096
"TCGA-ER-A19H",-0.0630781595501713,-0.991399143581166,0.35890295729213,0.953002149031236,-0.464531740031741,0.668394330523852,-0.0866858373767174,-0.394629430157025,-0.0425912039221372,-1.39750529729526,0.428869319401151
"TCGA-ER-A19J",-0.378411064335862,-0.574334136358986,-0.722437577112348,-0.502270954404015,-0.529930434563904,-0.595703197668785,0.766076670123487,0.330074529757547,-1.03704747494718,-0.637803778401648,0.633969202618537
"TCGA-ER-A19K",-0.547253002652289,0.25911288935422,-0.0683120275915416,-0.261747336150885,0.527893300627309,-0.636047705616584,-0.549664377549275,0.496903363410827,-0.345872820401527,1.21447108249941,1.15751993550795
"TCGA-ER-A19L",0.192305513453996,0.111697882937619,-0.064479588575949,0.983094366112779,-0.902385119869815,-0.0582997264071864,0.760469945373601,-0.409789081945843,-0.734530240101072,-0.713906622896851,0.399486091709474
"TCGA-ER-A19O",2.2554821175458,1.34300840857945,-0.10041337877382,0.120148339114433,0.526353170235275,-0.785582472386704,2.17643387812176,0.827956845375369,2.1891062741603,0.566519139637262,0.332132131352894
"TCGA-ER-A19P",-1.3246565172981,-1.37218057298006,1.17465149797287,-1.06790942101378,1.4189895675688,-0.193056608611144,0.169345455853997,0.769679098383047,1.52507550886965,-0.852843371624355,0.130379770733618
"TCGA-ER-A19Q",1.68018281330808,0.940765705985563,0.384486570593297,0.519242444006002,0.768660125808716,0.156369182871387,0.291905564796643,0.800279876381037,1.30235148551955,-0.761018762923934,0.0753129182713208
"TCGA-ER-A19T",-0.54183917946853,-0.174495253145813,-0.105444200061617,-1.0226557158187,-0.758006891750029,-0.0981467528261477,0.302156667243971,-1.07047096726373,0.287659503688069,0.030141079191635,-0.267517516630005
"TCGA-ER-A19W",-1.18878479943965,-1.25777729978059,1.6705742980288,-0.446522713918038,1.35842141567614,0.466439862539329,-0.470082521780217,0.422941054920122,0.94242978625957,-1.9576645735196,0.291174985556595
"TCGA-ER-A1A1",-1.64633190186012,-0.960609164683645,0.32003062276441,-1.524913236497,1.546391781238,0.944635942859809,0.279913381420011,0.948936315075096,2.14624734207708,-0.146237096078618,-0.585479555050361
"TCGA-ER-A2NC",-0.297988604696331,-0.30565319893424,-0.039329357646746,-0.0261394817702251,-0.109793439525636,1.58625236473985,2.35151285085201,-0.0141014085758782,-0.10559246689248,-1.66720991994513,0.549529593490979
"TCGA-ER-A2ND",-0.161677262817387,-0.859094361520131,-0.283851414644363,-1.01330254134618,0.00707292683273067,-1.08014327422765,-0.239648448126089,-0.729861545628385,-1.05681625639646,1.2244078377081,0.636809180227838
"TCGA-ER-A2NE",0.799573398046586,0.230086752224396,-1.11978407603595,1.53915506003526,-0.793461763401959,0.211359924304346,-1.35949271514623,-0.960940296052128,0.153167885077672,-0.794169675955178,-0.733999780480012
"TCGA-ER-A2NF",-1.99504575618544,-1.55107900674239,1.19028769730194,-1.92517140932467,-0.974280264904906,-1.70906004974794,-1.55552277583143,-1.8207738766987,0.613929280431753,1.63142232836388,-0.886383909917465
"TCGA-ER-A2NH",0.887558431555603,0.862870291826499,1.29138477590399,0.849123673922115,1.52675514244986,0.359171088138082,0.761293169458945,1.32833984630396,0.926250045748489,-0.67815737331021,0.728386477004838
"TCGA-ER-A3ET",-0.48732677568018,-0.25483501508864,0.710049684486758,-0.541943967303939,0.426768370492003,0.184635428454485,1.23087366934995,0.626489030464368,0.318440559089715,-0.457608800916254,-0.708407206776456
"TCGA-ER-A3PL",-0.688175148537575,1.27487393692089,0.539243275925679,0.208631408663541,-0.0767263475575689,-0.341805653807448,0.0371172604769652,-0.130688748163612,-0.865996082903486,-2.13894658278054,-0.0869734495207085
"TCGA-ER-A42H",-2.02563253536251,-0.404483772593736,-1.43105202393508,-1.63910034079605,-1.42237882072923,-0.496830835819646,0.0656150692861206,-1.4237060032628,-1.71824086154566,-0.0950707611855097,-0.861819595168964
"TCGA-ER-A42L",0.481005315428084,0.280693219472701,0.319404660391893,0.33665185172613,1.23766363615019,-0.398328224975519,0.510130584943696,1.13903243972515,1.33599193642564,-0.406909809827235,0.870694586266563
"TCGA-FR-A3R1",-0.430489548534047,-0.457351726523293,1.68203671608274,0.284411750769613,-0.272663533128097,-0.0715523946229153,-1.4667158896663,-1.12637976423406,-0.675905642341691,0.80718616020431,-1.15728228460062
"TCGA-FR-A3YN",-0.452474155678261,-0.762770909850291,0.631715952869489,0.158301503915845,-0.172488971309808,-0.839834694369016,-1.2270207689944,-0.340695184059571,0.219401737619267,0.358585844478999,0.74720709793254
"TCGA-FR-A3YO",2.4955341685633,1.79984017991821,-1.11733421883004,-0.293386012225312,0.642160342806358,-0.97686098734147,0.489158402881582,0.964540200508199,1.37578696250779,0.0831169584124732,0.476371699765154
"TCGA-FR-A44A",-0.243123947243478,-0.0621074537865722,0.985626698168586,0.36591245008622,1.53470513286423,-0.0509321650849906,-0.0836223346429699,0.779863069773505,1.09809779254739,-0.752772968454445,-0.806022368990881
"TCGA-FR-A69P",0.29546848979562,0.0385116773720604,-1.5211119251883,1.23802728550044,-0.487993691993384,0.483647974794625,0.718652726456928,-0.517958444041966,-1.43179679478035,-1.75029988929959,-1.15593458151129
"TCGA-FR-A726",-0.574191673679697,0.615059749393087,-1.52132677885314,-0.537815166291506,0.108313260954772,0.140137587978127,0.131903870828854,0.377359781769325,-1.32595305819331,1.27642410065397,0.294538301792361
"TCGA-FR-A728",0.804690070495142,-0.443704973419735,0.824647944942263,0.154043041053793,1.86849190597578,-0.689624047023141,0.0951620649377646,1.12415213413681,-0.167164784381811,1.03600137077104,0.231799745234618
"TCGA-FR-A729",-0.898616844021202,-0.0344236884790805,0.859417381920304,-0.283908976160143,0.92799282947044,-0.207407008195056,-0.321267575176937,1.0033863233867,0.646808922152947,-1.77463218819755,-1.29951054967927
"TCGA-FR-A7U9",0.525546419885692,1.12659794272301,1.00866220795793,-0.0731212883236813,0.351811657034477,2.3235346283489,1.38210791114495,0.620562744836965,0.570576032899048,2.56403295726872,-1.18170487464587
"TCGA-FR-A8YC",-0.621175662757818,0.204532233956636,-0.612862182801286,0.261522553752858,-0.66873231626906,-0.198878996727493,-0.92342924099082,-0.620861367310381,-1.35424663369464,0.108469183815394,-0.716978274026631
"TCGA-FR-A8YD",0.291221143868842,-0.298284636925666,-1.3798250967491,-1.54975538011251,-1.24074478320996,-1.47419522988205,-0.224359610539892,-0.572533073500053,-0.0419110269702095,-0.306704957414262,-0.382596827264917
"TCGA-FR-A8YE",0.412100163277125,0.0834927386191499,0.142705979671925,1.04372873154653,1.2232598953654,0.102765417652773,0.545752326213727,1.22687837919545,1.15458221681585,-0.645465501846361,0.101394867374131
"TCGA-FS-A1ZA",-0.0513831003707434,1.45902656994088,-0.411425113029408,-0.112534452503638,0.326629802093067,1.46374868650801,-0.11565179693671,0.572582045639691,-0.346853986388291,-0.809570190434373,0.00429956971083308
"TCGA-FS-A1ZC",0.485454431396204,2.20271923951846,-2.07185607659116,1.99966706602201,-0.992847312192359,1.82649050162129,0.835575421094128,-0.600177207217314,-2.10234728824391,1.56419514812081,-1.29334823336348
"TCGA-FS-A1ZD",-0.967421148522799,0.439397595684779,-1.38090197450791,0.467213434807007,-1.55019279684137,2.24339689866823,1.46023487109329,-1.14577648885523,-0.878876951210706,-0.273765242139257,0.18218278877072
"TCGA-FS-A1ZM",0.74605200320553,0.556972075775689,-0.0239565447550065,0.749385296552169,0.633928929314356,0.640644961906922,1.05018121836781,0.890454440505446,-0.11504775119722,-0.045078153963063,0.691416994488182
"TCGA-FS-A1ZN",-0.184064661139904,1.30680303105785,-0.765562045373502,0.0148226461260841,-0.171638490188094,-0.363223151279491,-0.961771322134615,0.387723388832655,-1.52027411354309,-0.591324613241808,1.96741497339832
"TCGA-FS-A1ZP",-1.782140578007,-1.28754122458527,-0.0775463845738553,-0.902908685158004,-0.74836700816408,-1.17947783236373,0.152444702975298,-0.988658366624702,0.356295937941001,-2.22371918330428,-0.519259035265682
"TCGA-FS-A1ZU",0.604511432782561,-0.215747920863783,-1.58141950629903,0.475702809899366,-1.40549074672833,-0.188183527741799,-0.965298831997124,-1.89121892799352,-1.70895863985926,-0.583418920425687,-0.766096454327419
"TCGA-FW-A3I3",0.970005866299235,-0.251917641484017,-0.60651575992967,0.0818737296573296,-0.62856279552468,-0.207781792192923,-0.655313757060109,-0.416185693829762,-1.63701925171876,-0.626122344710813,1.18654530655043
"TCGA-FW-A3TV",-0.869957567804806,0.232797384808017,-0.200930721506782,-0.415882428035728,-0.708898266292393,-0.467091604613717,-0.112138792358757,-0.493159088311492,-0.17832049822607,-0.182968435161519,-0.0100236382136843
"TCGA-FW-A5DY",-0.151830727648784,-1.13469984814846,0.540680162106117,0.407880094718448,0.567318847267586,-0.212809464734343,-0.2808141897986,0.378060430742129,1.46868599097627,0.194855899030542,0.256608708174222
"TCGA-GF-A2C7",0.257776744596852,-0.107823165452946,-1.84121855509654,0.125717534260208,-1.06187100656564,-0.0784139554491879,0.0252794364325395,-0.854727568627159,-1.47801386302587,0.673789990028824,1.32336387687046
"TCGA-GF-A3OT",2.9079005128442,1.6162236412946,-0.489370049593594,1.75302753297287,2.13459388774027,3.75422316724585,2.57235315560128,2.10644321828311,-0.357717885592654,3.51895593206227,0.440671574261207
"TCGA-GF-A4EO",0.0436121994837468,0.438340418248506,0.751865591207868,0.529644729480348,1.91250262297529,0.105541033573867,-1.09866259147453,1.3448580592372,1.11745921699404,0.254379621692539,0.771079612104741
"TCGA-GF-A6C8",-0.0133109994740934,0.0660154484614243,1.4552976315597,-0.193314078272794,-0.222159134504261,0.768696689897348,-0.62641118425761,-0.21418723668986,0.196680325579594,0.0111441849243451,-0.982115707912608
"TCGA-GF-A6C9",0.0213725261142175,0.455640859227567,1.42667015771809,-0.158926980305371,0.648829886393234,1.15071867643366,0.828276125363477,1.25938174344238,2.11665513840593,0.170428608414521,-0.648627482178467
"TCGA-GN-A262",-0.00401236664088944,-0.143346694138584,-1.56863812999564,-0.324745739103229,-2.27525228394344,-0.491663385441209,-1.61901075200921,-1.92954024375823,-2.4881561465908,-0.284451742122355,0.101887879955098
"TCGA-GN-A263",-1.14504735266606,-0.406309124154728,0.804055527948705,-0.199627080671967,0.511807599390897,-0.0916774838634461,-0.462037328543887,0.610896837049482,-0.0042713695114542,0.570620118785289,0.245939325001811
"TCGA-GN-A264",-1.66616634100221,-1.13136489767104,-1.64314073226252,-1.20229963426378,-1.12561612396473,-0.372904890867664,0.36015877138332,-1.05324389867941,-0.626188994874134,-1.31263841070391,-0.263545228677468
"TCGA-GN-A265",1.28503779198764,-0.235281445222484,1.22338694435151,1.25437701801951,2.23039296625387,1.76180636738541,1.97323031793226,2.60800744948415,1.08901203737716,-0.304503798037811,0.22615735409476
"TCGA-GN-A266",-0.320372548679317,0.742922172706998,0.587034768051104,0.627020020828797,1.15197916684486,1.45036883589267,1.64979529564139,1.09988447317722,0.278706638181198,1.26530098482657,-1.19400718940026
"TCGA-GN-A267",0.208024606374298,-1.63377919075777,0.395619222200666,-0.516661428242273,-0.511202226855023,-0.396080749442012,0.0791696490062044,-0.448228821849309,-0.233590547365179,-0.194619277078343,0.232139819500727
"TCGA-GN-A268",-0.303069691264903,-0.543240910625693,-0.728551323277938,0.317243381878166,-1.24744231424342,0.953664088334335,-1.71717644662573,-2.12982701999145,-1.78527827691194,-0.478257780975679,-0.469774279761732
"TCGA-GN-A26A",1.65619446880875,1.8499863859423,0.228723299054925,2.05902846217735,2.69174197755315,1.34233490684841,1.3865676826996,3.17000611261108,0.205899693270096,0.869878069435266,0.193640672650063
"TCGA-GN-A26C",-0.997516238018677,0.721455725713971,2.05698040773433,-1.18669494435152,1.24541140363254,1.41406899142534,1.37487834131534,0.72779547387783,1.48407316825031,0.0418828931461079,-1.2150414738455
"TCGA-GN-A26D",-0.705925578199759,1.93523061134718,-0.805726151266046,-0.608519741481705,-0.477886935606908,0.0932813501139621,-0.799315021698965,-0.774420227468923,-0.363622078884691,-0.220327326774423,0.790709656144759
"TCGA-GN-A4U7",0.193103029677469,1.35955485604954,-1.21934889272659,-0.544039615701712,-0.828168185989672,-1.58862247211365,-0.9738340530963,-0.816047047998878,0.28516537432502,-0.269995936082706,-0.668032689333304
"TCGA-GN-A4U9",-0.501242495204284,0.138997674333584,-1.32283841591583,0.585872661630715,-0.737397755816198,2.05714481220172,1.03405627386937,-0.976083674052499,-1.17306576417758,-1.57076623646485,-0.824297960483694
"TCGA-GN-A8LK",-0.0453602727993714,0.536571608346151,-1.67655697667745,-1.08227896604193,-1.8001619891444,-0.641262211129464,-1.17123989619307,-1.94291504166518,-1.26757580337085,0.668314442368485,-1.1458765384145
"TCGA-GN-A8LL",-1.01802061281676,0.113224581898482,-0.640421402243553,-3.47794182706546,-1.89696627978756,-1.51404874992804,-0.0510895614309405,-1.50723756367768,-1.18339371733975,-0.677915113298257,-0.335680148135017
"TCGA-GN-A8LN",-0.0221256831081316,0.66215090670837,-0.533982308298809,0.868418782566662,-0.00546517767676506,-0.65062942718754,-0.462481644318559,0.353062803378631,-1.06459997330952,-0.751462403434745,-0.0188514948813587
"TCGA-HR-A5NC",0.0503658746700335,-0.294004271664613,-0.921362795748937,-0.375285238914204,-0.683760889348122,-0.683623226922042,0.397815983720546,0.158004940498385,-1.83867281422721,-0.390726285415432,2.75521466673129
"TCGA-IH-A3EA",2.52809406168827,1.36797950918167,-0.897434532428498,0.266873840860843,0.439178612936252,-0.776180189440745,-0.375095608813525,0.605997928462132,-0.33701348164163,0.216126747582209,-0.572884886835984
"TCGA-LH-A9QB",-0.263756604425944,0.137192677901156,-0.565317971142777,0.632840217804195,-0.858556975184975,0.846946573951963,-0.151611121054485,-0.983797763437244,-1.34706804072153,0.827868735043158,-0.357446998770277
"TCGA-OD-A75X",-0.462178342011334,0.375334441927847,0.527288785318706,0.232127407212074,-0.106117458386722,0.958981664412099,-0.857836087340062,-0.222098038912371,-1.21030378066065,-0.818500247302868,-0.845147186702393
"TCGA-QB-A6FS",1.78728901539068,0.00520387885730075,0.271698350864716,-1.34343880321051,-0.185571578372229,-0.481342140444819,0.322802364726916,-0.0493109307510762,2.26553616711953,1.13090470745387,-0.0539688524176367
"TCGA-RP-A693",-0.752027555851872,-0.451524744084243,0.713634323643043,-0.54805960428109,0.193508952670431,-0.153936256045765,-0.429495525263322,-0.452136630241511,0.098479967792496,-1.16713456093188,0.120834499332986
"TCGA-RP-A694",-0.0567886513917169,-0.615622046099515,-0.602105259183402,-0.123199258109896,-0.33027179339725,-0.48219756478155,-0.516807207216355,-0.766965756308424,-0.134920420141674,-0.126587819638416,0.0811880868044152
"TCGA-RP-A695",-0.138094779048836,-0.777784641842677,-0.898486957408023,-0.17513956325644,-0.775676646573424,-0.637785215748271,-0.870258768243908,-1.18887616359827,-0.414587726674988,0.7627313251544,-0.159498435394898
"TCGA-RP-A6K9",-1.91316949128166,-1.18223069512819,-0.465631493129431,-1.8283011452238,-0.787085957045097,-0.722081761869321,0.464623677359379,-1.11846737824987,-0.336939958530199,0.837073510324465,-0.477167966561629
"TCGA-W3-AA1O",-0.460407555844079,-0.850697195420343,-0.764682391980307,0.975866305257609,-0.403933340006131,-0.124117086773836,-0.324984912695052,-0.289844807177102,-0.632555331285536,0.918487947814827,-1.81917206826389
"TCGA-W3-AA1Q",-0.715076081438261,-1.14444950936386,-0.494920575060514,-0.158091350545858,-0.424856828772125,-0.325377307141014,-1.19873513469273,-0.806293757487236,-0.909250953033781,-0.729802472538225,-0.0583583149802539
"TCGA-WE-A8JZ",-1.00080065459738,0.190107065284627,-0.757736729165425,-0.333331675945996,-1.14020405774797,-0.654129042133023,-0.680636613740689,-0.781816794172418,-0.67457952898308,-0.903510159496826,-0.059545204967986
"TCGA-WE-A8K1",-0.110395003821671,-0.916703425829955,1.00156601860978,0.573669355748424,0.525594016452969,-0.211996149919682,-0.160606272808529,-0.135785222994723,0.569294255283784,-1.02614059890212,0.257706708859348
"TCGA-WE-A8K4",-1.56791216755681,1.40842901480731,1.89591729677032,-1.16220164089593,0.465163333795645,-1.19734997736568,-1.44274040321629,-0.412682755745317,0.248502922167778,0.483046451056216,-0.162016867323024
"TCGA-WE-A8K5",-0.480796082839003,-1.65246091465631,-0.364038047993885,-0.349978903770488,-0.398938386021502,0.015043354211809,0.72020392887607,-0.598700531371048,-0.652234787914139,-0.375909989918928,-0.157695073052672
"TCGA-WE-A8K6",1.41139490813865,-0.551725168593211,0.186982111431242,1.57842202172596,-0.318718898684499,-0.704949385962804,0.321036959383115,0.0152763692390653,-1.21739576206128,0.71936927356669,0.182576496761016
"TCGA-WE-A8ZO",-0.308047242909512,0.469377129051489,0.549689765250767,0.570382335473427,0.109657699909613,-0.527393092972694,-1.00010107392618,0.0211135865283219,-0.222754275919612,0.0818446060360415,-0.331581640027564
"TCGA-WE-A8ZQ",-0.71223627564165,0.81569279074288,-1.16004783462847,-0.206305118751113,-1.44829690858001,-0.179499189907719,0.173681829930066,-0.812378220396094,-1.67913343302216,0.811675107216265,-0.761070185926711
"TCGA-WE-A8ZR",-0.0582618352053752,0.48699072108204,-0.715655729573235,0.93478500525431,-0.403027701283213,0.318973721105932,-0.844840097466824,-0.641385259094712,0.211402228046469,-1.53645268014526,-0.227480698913442
"TCGA-WE-A8ZT",-2.01780652072076,-0.55828040252477,-0.839699019755837,-0.878662611567953,-1.60047304772572,-0.487108460903013,-1.63994412165567,-1.66891512657,-1.38910065132359,-1.39788819919564,0.768199578695688
"TCGA-WE-A8ZY",-0.277059949672575,-0.862523509765151,0.809590596884245,0.407628569736817,-0.411017022372951,0.326622414958693,-0.415738206636474,-0.681202343520009,-0.343748308453745,0.0482489851503641,-0.167145747895382
"TCGA-WE-AA9Y",-0.76897732988508,-1.03048914460272,-1.0638292644258,-0.988961216917257,-0.321337135801056,-0.172968753813219,1.99451659899666,0.472175079374869,0.57596874690456,-2.17014544830563,-0.119573156600931
"TCGA-WE-AAA3",-0.637478558363292,-0.450543120193778,-0.217768783382296,-0.618269801744733,-0.345102978744974,-0.727974184691382,0.802601658638965,-0.250884705159276,-0.261467480823085,-1.18984779049251,-0.578716515763927
"TCGA-WE-AAA4",1.0339095293011,-0.143967671983459,1.10746413589831,-1.69333886695893,2.12604655355405,-0.861142132326036,0.454341081469747,1.61462415634052,2.15685037338443,1.50708082133587,-0.102391621497828
"TCGA-XV-A9VZ",-2.75309844301996,-0.496279028981623,-1.03760028204834,-1.67558348927467,-1.46457772640631,-0.00131951778687025,2.40596409490072,-0.825439255905518,-1.26177881280848,-0.00546210800361331,1.27947898696763
"TCGA-XV-A9W2",0.0660959180099948,0.154309883813693,0.278827859285748,-0.481544728912226,0.152140670470366,-0.351721805285306,0.30513257899786,0.462508165443189,-0.175069471584332,-0.572701712269903,2.28627643057763
"TCGA-XV-A9W5",0.884876532355495,1.65990739664905,0.23574604468647,0.837712916866485,0.151854553176823,0.071013845538127,0.674038061498318,0.576013244758041,-0.449337233899889,1.30137206208645,1.38538039690289
"TCGA-XV-AAZV",2.51995426809818,0.218533353833633,0.772552654171983,1.09507067593139,1.24878043682165,0.755610707586236,0.829067725172974,1.90564223959382,0.0359239298463465,0.406864922944764,2.90054344879926
"TCGA-XV-AAZW",0.758179949181394,1.7702840071937,-0.808714764261681,0.136310313051782,-0.475738624190142,0.155812920311737,0.475521523619427,0.26707233057946,-1.4061389185204,1.35584571102776,2.71132079540895
"TCGA-XV-AAZY",1.17563788011011,-1.16185295178379,0.64269860873405,-1.50168001256168,-0.334028847490515,-2.02978151137684,0.370581607331446,-0.215285857810736,0.829154257187827,0.900391311285608,0.37611936399602
"TCGA-XV-AB01",0.141685363987866,-1.08207868662612,-1.35532844188691,-1.01054494362623,-0.95932041902355,-1.32153733638318,1.41268579253999,-0.97038273419673,0.991321950737018,-0.525955155399674,-0.571912701320718
"TCGA-YD-A89C",-0.0101846590393651,0.0949299802053871,-2.59724639117416,0.65325772741073,-1.20528700168995,0.949283633545336,0.278461512811774,-1.37358344790239,-2.0287087345841,-1.91478064484872,-1.15749884376887
"TCGA-YD-A9TB",-0.502328794620588,-1.23909863289756,-0.296187995902511,0.222017009391646,-0.539050500007,-0.419465658810287,0.168939947427875,-0.312760725112352,-0.74428982953345,-1.00794177454461,-0.901171826023789
"TCGA-YG-AA3O",-0.674046569348609,-1.40652326340891,-1.34744976988117,0.404658144465924,-0.0966086894399529,0.18129470600724,-0.518701276332587,-1.11019664193516,-0.633376043508806,-0.736410593088149,0.472618020214913
"TCGA-YG-AA3P",-2.19030388715007,-0.140767074927508,-1.42521832389114,-1.355939819104,-1.4915904718219,-0.257816599922515,-1.47906168456021,-2.28444153409589,-1.16089365009646,-0.841431311908079,-1.25462257431888
"TCGA-Z2-AA3S",-2.89884811955685,-2.84971227587841,-0.797235066727433,-2.14084534603986,-1.35730187372431,-0.51126354982995,-2.17332450595619,-2.26039722724718,-1.15634754039213,-1.96710854829372,-0.773010658966056
"TCGA-Z2-AA3V",1.66683234705845,0.443267236103168,-0.249397765994997,-1.84254431273923,0.606068054600105,-1.94366555385442,0.178538257675131,0.459246012645132,2.68456591845745,1.25014536731227,1.01400256807091
